epoch,accuracy,loss,val_accuracy,val_loss,val_macro_f1
0,0.9148063659667969,0.43079453706741333,0.9682376980781555,0.10888439416885376,0.792225889393628
1,0.9562821984291077,0.15821996331214905,0.9659323692321777,0.09028670191764832,0.8172284498061883
2,0.9700861573219299,0.09270498156547546,0.9695184230804443,0.08021195977926254,0.8396403163801864
3,0.9750184416770935,0.06442258507013321,0.9772028923034668,0.057383544743061066,0.8816713665788001
4,0.9802709817886353,0.05064743757247925,0.9718237519264221,0.07511342316865921,0.8578638633270771
5,0.9830893874168396,0.04116442799568176,0.9813012480735779,0.052162960171699524,0.904078159749338
6,0.9882778525352478,0.03174225613474846,0.9823257923126221,0.048808060586452484,0.9238668049400465
7,0.9889504313468933,0.027183638885617256,0.9787397384643555,0.056138671934604645,0.8991221811049435
8,0.9906479120254517,0.02126196026802063,0.984375,0.048115406185388565,0.9295144904755078
9,0.9932101368904114,0.014718873426318169,0.9848873019218445,0.04767240956425667,0.9337375116104175
10,0.9949716329574585,0.012329102493822575,0.9823257923126221,0.05942360684275627,0.9358044960585848
11,0.9948755502700806,0.011622877791523933,0.9841188788414001,0.05133424326777458,0.9345900295265425
