Tweet_ID,true,pred,confidence,prob_true,tweet
ID_3YVC959Q,emotional_violence,sexual_violence,0.99999964,2.7043575e-07,hey sir ur police force harss me while going to psu bank to show your rc no I'd no pollution and insurance nahi thi exprire ho gyi then he asked to cut your challan I say why then he insulted me .. a women is not safe in india.police force also harss to public.
ID_SQATL45M,emotional_violence,sexual_violence,0.99992573,3.711121e-05,"pls help me to bring the Indian criminal citizen Teenu Jangra to justice. He committed a murder attempt in 2016, then forced me to work illegally, then robbed me, then insulted me on the public by breaking fake news about me via his cousin journalist. pls take measures!  "
ID_IIWE0MXK,emotional_violence,Physical_violence,0.99984825,6.1069118e-06,"me, staring at johnny's needlessly expensive lip balm: every day i yell about capitalism in between my public simping for this man,,, and this is WHAT HE GETS UP TO. im constantly humiliated"
ID_N1S5UGYM,sexual_violence,Physical_violence,0.99984586,0.00015405091,I don’t respect rapist - even if he is so called God fearing or my husband. I would kill any man (my husband or not) who raped me.
ID_TULJZZGL,emotional_violence,sexual_violence,0.9998184,0.00017540631,I also meant that i wanted to hear the reason why is he so mad but not by using public twitter (its not for my personal questions) again i was insulted. Tell me where is my personal opinion in my post? Ive just said that i dont want ppl to judge him in comments.
ID_QY15AFUY,emotional_violence,sexual_violence,0.99981683,5.695616e-05,"first I was tricked and letting down thought it a blessing, then when I answered, it got ugly...he solicited me. For the ""innies"" (said: in- eaze) it was a public spectacle in which he sexually humiliated me on the network endangeting me and my sister Candy's lives. I immediately"
ID_YPT8TTX8,Physical_violence,sexual_violence,0.9998093,0.00019020619,And there was one dumb ass girl who was like “maybe my evil husband who beats the shit out of me actually does love me “and then snitched and got all those women beat and brutalized. Like bitch😒
ID_0IAVKMF7,emotional_violence,sexual_violence,0.99976116,0.00022801387,"Before my rapist sexually assaulted me he verbally abused me about being “popular.” It never occurred to me he would get violent. I started lying about life goals as he was raping me, asked not to have sex in a public place because last time I said no in private, he got violent."
ID_2Z4Z7JQ6,sexual_violence,emotional_violence,0.9996557,0.000341351,This is only one of dozens of times I have been raped and frankly it was one of the most severe because of the way he treated me during and after. Everytime I see him in public he smirks at me. I want to set him on fire.
ID_S0DY4P9A,emotional_violence,sexual_violence,0.999645,0.00023781662,"Yes, had several incidents with people that refuse to apologize just this week (ranging from my mom to random people I spoke to) - also even one a while back with an Anituber I unintentionally insulted who insulted me as a person in response, I apologized but he didn't."
ID_FEIT9TX5,sexual_violence,Physical_violence,0.9990208,0.0009790931,"Wooo boy I hope someone a foot taller and at least 50lbs bugger than him gets whipped by his little ""back kicks""   I beat the hell out of my rapist.   He still raped me."
ID_OHQPN4T1,Physical_violence,sexual_violence,0.9978669,0.0021325068,"That statement should’ve been followed by “ Take what my jackass husband, who beats me by the way, has done with his social media platform he’s invited riots and shootings that have resulted in the loss of American lives...this is a perfect example of using social media for evil”"
ID_TQP4R8BD,Physical_violence,sexual_violence,0.9977302,0.002269192,"2/ But let’s just say 30 years ago my husband went out for the evening and got so drunk that when he came home he wouldn’t take no for an answer to having sex? So he beats the crap out of me, forces me to perform painful sex acts leaving me bleeding and unable to speak?"
ID_BNXPPJMI,Physical_violence,sexual_violence,0.9968431,0.0031567565,"Fatima's husband left her last month after exploiting her. At that time she was about to become the mother of his child. Fatima says, ""His age would be less than my father's age, he beats me with electric wires""     via"
ID_FZPJDF11,Physical_violence,sexual_violence,0.9968341,0.0030693216,"Where did you find that gif? Cuz that was totally me when my friend's mom said ""[husband] beats me up almost every morning!"" She meant he gets up first. I squeaked out, ""Would you care to rephrase that?"" and then ran to the bathroom and laughed in  until I cried.😂"
ID_6C9EMW8L,sexual_violence,Physical_violence,0.99657047,0.003429344,"my 20yr old daughter just asked me if i raped her mother, my wife responded is it rape if he was asleep?"
ID_RO1DAT8N,emotional_violence,sexual_violence,0.99646145,4.1554184e-05,"I came here because I don't know who to talk to, idk what to feel but my stepdad publicly humiliated me, exposing me to the public in whatsapp status that I am gay and that incident where I was sexually harrased in uitm, he said i liked it. Idk what to feel anymore.."
ID_GF16BWLJ,sexual_violence,emotional_violence,0.9960737,0.0038775776,isnt it crazy how every man you meet you have to ask yourself “does it seem like he’s gonna rape me? has he raped somebody in the past?” like every guy who talks to you in public or you go on a date with or you meet through mutual friends or buys you a drink or
ID_F8QW72SV,sexual_violence,Physical_violence,0.99604696,0.003952617,Azeem kareem is rapist he has raped my wife and put me under influence of drugs for past 20 years.
ID_U9Z5RF29,emotional_violence,sexual_violence,0.9952874,0.0035649152,"Samkelo was doing his job making Pravin to account to the PUBLIC. His departure  reminds me of  gen  NTLEMEZA who got PUBLICITLY HUMILIATED AND FIRED for investigating this ROGUE UNIT.Before leaving he said ""IN SOUTH AFRICA ITS CLEAR WE ARE NOT ALL EQUAL IN THE EYES OF THE LAW""👇"
ID_GZOT06DC,sexual_violence,Physical_violence,0.9946234,0.005376629,"One of mine, one of my husband’s, both made nice as adults and then turned viciously when the other parent bought them back. If my 32 yr old showed up today at my door w/the granddaughter she’s barred me from for 11 years, I would close it on her. She always knew he raped me."
ID_FK7G2LKI,sexual_violence,emotional_violence,0.99419975,0.0057996,"I am so srry this happened. What age were you? Honestly i haven't been raped.. i mean the real way. But i was forced into it or else he would pass around pics of me.. the other time was close but the dumb ass tried that in public, so people intervened..all he did to me was a slap"
ID_75PWPFPB,sexual_violence,Physical_violence,0.9940369,0.005825477,"My rapist didn’t dress as a woman to rape me, he just raped me. Your rhetoric is an insulting excuse to shroud hatred with a false sense of heroism."
ID_BWMTC3UO,Physical_violence,sexual_violence,0.99256426,0.007429345,"My father used to beat my mom and us as babies, when l was 14 and mom was on husband No 2 she said to me Colleen if a man ever beats you take him to court,  because he will cry and promise he'll never do it again but he will and it will be worse, which is exactly what l did 1/2"
ID_S1SJFF55,sexual_violence,Physical_violence,0.98805076,0.011948519,"If I were even though my husband, cheated on me, when he finger-raped Tara I'd advise him to drop out of the Presidential race, because, after program, is going to annihilate QPQ-Joe. "
ID_GIHPWYJ4,sexual_violence,emotional_violence,0.9872816,0.012698616,"THANK YOU. Some guy said something like ""what [some degradation name] wants to be raped by [some nickname for himself]?"" And I private messaged him about it and that he shouldn't word it like that in public and he called me a karen 🤦🏼"
ID_LAJETNYZ,sexual_violence,Physical_violence,0.9872392,0.012759755,"When I asked for specifics the detective told me I could meet with my rapist and record the conversation, trying to get him to admit that he raped me. Or I could record a phone call."
ID_IQRNFTPV,sexual_violence,Physical_violence,0.98688614,0.013113688,"i'll never forget that girl that said ""i don't think my rapist knows he raped me"" never💔🤞🏼"
ID_GT82DO9D,sexual_violence,Physical_violence,0.9865672,0.013421605,"my rapist is CAMERON WHITTED, please be safe and sober around him. he raped me over a year ago in my car (i think) that he was driv and almost everyone of my friends who i thought was close to me does not care and proceeds to hang out with him.i have no other outlet right now."
ID_SHAZ5ZA8,sexual_violence,emotional_violence,0.98564667,0.014342421,As someone sexually abused and raped for their entire childhood I have a unique perspective. Biden’s touches appear perfectly innocent to me.  He does them consistently and in public.  He is the kind of person who connects to people thru touch.  Nothing sexual going on here.
ID_G4SP3DTW,Physical_violence,sexual_violence,0.979317,0.020677594,Translation: my former baby daddy died 6 months into the birth of my daughter thereafter I met this dude (her husband) that took me in and by   My kids 6th year he started having sex with her alongside me. We fought about it but he beats me and now he’s thrown me out. I need help
ID_ST22NEKL,sexual_violence,Physical_violence,0.97756565,0.022423774,"A brother of hs new wife raped me several times whenever we visit umakhulu(my stepmom's mother)&amp; I couldn't tel any1 including my dad coz he wasn't around most times.i wasn't even treated ryt even by my stepmom,so it made it even mo difficult 2 tel her tht his brother ws raping m"
ID_YHN431CT,emotional_violence,Physical_violence,0.9765207,0.0007191189,"He insulted me and then blocked me so I can't see anything. What a world. Not only was my tweet addressed to forecasters, but it's not my job to craft things for the public. However, people in the past have simply asked and I've responded. Imagine that."
ID_5RD6FRTH,sexual_violence,Physical_violence,0.97262233,0.027377015,MY COUSIN’S BOYFRIEND SEXUALLY HARASSED ME AND SHE GOES “you’re acting like he raped you.” 😑😑😑😑😑😑😑IF I BEAT HER TFFFFF UP IM WRONG?!?
ID_Q9AXWLRW,emotional_violence,sexual_violence,0.9602021,0.039796006,"I was so deeply uncomfortable with you, you thoroughly humiliated me, objectified me and fetishised me IN FRONT OF A CROWD. And seeing how you treated kel and how he tried to approach you nicely and civilly, how you made it all public to make it seem like ""you cared"" while all"
ID_VKVWAI9D,sexual_violence,Physical_violence,0.94297314,0.057025265,"“My wife at home had warned me that I should not allow my daughter access to my room to avoid temptation but I did not listen to her”, he said  50 y/o man that raped his own daughter"
ID_1W4RTQDL,sexual_violence,Physical_violence,0.9365359,0.06346311,"Please stop responding to me if you aren’t going to do the same to me too. I mean you jumped on the thread Why would she openly tell her husband that she has a money stashed to run away and feed/cater for the kids if he becomes a drunkard, raped her, hits her or other reasons?"
ID_MFQEE8P9,sexual_violence,Physical_violence,0.9278245,0.07217227,My dad and i were talking a while ago about baking clay. And he really nonchalantly kept telling me how great my rapist is at doing art sht. Like sht dad i didnt know that. Wow. He wasnt the one who actually taught me to paint ano. And not like you didnt know he raped me kaya ~
ID_VIICFWK8,sexual_violence,Physical_violence,0.9183946,0.081400715,My rapist doesn’t think he raped me. He’s still like...”madly in love” with me and wants to build a relationship because he’s “grown as a man”...it’s weird because I want to just say “BUT WHAT ABOUT THE FACT THAT I SAID NO”?! I think talking to him...confronting him...
ID_5LMYW92R,Physical_violence,sexual_violence,0.9171863,0.0827433,"Yeah, Husband’s second shot left him with chills, body aches, and a fever of about 102.5; if that’s my template, shot is likely to hit me like a truck. Beats a stint in the ICU though.   A blessing is a good idea; thank you for suggesting it. ❤️"
ID_X2KXIABO,sexual_violence,Physical_violence,0.91655415,0.08343578,"My rapist got beat up a month after he raped me, totally unrelated, but he broke several bones and it made me so happy."
ID_V1WZQKXJ,emotional_violence,sexual_violence,0.90453744,0.09541066,You have none of the story then because I posted this AFTER he and I had argued in DMs and at first he utterly refused to listen to me and insulted me. This was at first me trying to deal with it privately and it didn't work so I made it public and then not only did I talk to him
ID_EA47BV6U,sexual_violence,Physical_violence,0.90062743,0.09937176,"You love your family,I love mine.The males in my family have never raped or murdered   father was a fantastic father,he was around from the first day of my life,he gave me the best childhood,my husband, my brothers, cousins, uncles are all amazing"
ID_FR6VVIOB,sexual_violence,Physical_violence,0.89714223,0.10283015,I want to be raped so badly and then have my rapist fall in love with me and then everyday after that he’ll still use my little boy pussy however he wants and I’ll just sit there and cry because his big daddy cock is stretching out my sore bleeding hole 🥴🤤💦💦
ID_A41TKVUS,sexual_violence,Physical_violence,0.8886194,0.10813275,"Literally. Twice. Hey Amanda, wanna join an extracurricular? In my rapist’s sick, twisted insecure brain makes me too cool. And I am sitting here needing a French tutor because he raped me as I am inspired by Kat from 10 Things I Hate About You. Insecurity breeds violence."
ID_9BFEW058,sexual_violence,Physical_violence,0.8823278,0.11764925,"I have been very subtle about my situation with my rapist on here and im just gonna flat out say it... Cody Benson raped me in mid July of 2020 and feels the need to harass me secretly on social media. He makes multiple accounts on any social media app to be ""secretive"""
ID_HEJFSRPI,sexual_violence,Physical_violence,0.879511,0.11066881,If she asks me self I fit vex...my woman that plans to be my wife won't even consider it..cos truth is that it's easy to admit anything but impossible to tell your man you had sex cos you got drugged drunk or forced.
ID_UC91UZQW,Physical_violence,sexual_violence,0.87569326,0.11947875,"I for one am vehemently opposed to any form of  nudity. Scanty, skimpy dressing, abuse, insult,offend my sensibilities. That being said; beats me hollow why any girl would remotely allow her boyfriend take nude pictures of her.. not even your husband should be allowed to do that!"
ID_4919O75R,economic_violence,sexual_violence,0.8707974,0.1278171,The endless lists of shit at jobs the people doing them didn’t get fired for because I was “a woman.” A manager telling me if I didn’t sit on his lap while I worked he’d hire someone else. Random shoulder touches “for empathy” when the guys never touched the shoulders of
ID_TOHF63VS,sexual_violence,Physical_violence,0.8701011,0.12917241,(1/3) 31 December 2020: My rapist was finally acknowledged as a rapist this year.  But not because he raped me.  My life didn’t matter enough.  I’m looking to support companies who care about doing what’s right—
ID_IE08O62L,sexual_violence,Physical_violence,0.8570559,0.14293641,"I went to the police with a bruise on my face telling them how my boyfriend at the time had beaten and raped me and they said ""it sounds like a he said/she said situation"" and sent me back home to my rapist... try again."
ID_6OVFP0GU,Physical_violence,sexual_violence,0.84403914,0.15594807,"Yeah she chased me out then called my mum and lied about everything, without mentioning the part where he was pummeling her with blows. I saw the husband two weeks later &amp; told him if he beats her again, I will cut off his hands and beat him with it."
ID_HCLLU9AH,Harmful_Traditional_practice,Physical_violence,0.8215452,0.17844798,"Or the ones forced to undergo female genital mutilation. Honey, I am a woman, a wife, a mother and I sure speak my mind.."
ID_7PD3P7MN,sexual_violence,Physical_violence,0.8131109,0.18672803,And my.husband and the man he paid that raped me are involved and so is half the country.     So noone is ever going to help me   why would I ever like or trust canadians  ypu attacked   my.home.   using technology  because you thought it was funny
ID_QXZAQENX,sexual_violence,Physical_violence,0.75815654,0.24169108,"I forced everybody to drink with me that night. I drunk almost 2 bottles of Hennessy straight, a sex on the beach, 2 blue mfs. Woke up the next morning with cut knuckles and scraped knees, not to mention I had a Krystal’s burger on my chest 😂😂😩"
ID_I49FSKK3,sexual_violence,Physical_violence,0.7507448,0.24923821,"One day a man rushed to my home Attacked my family Raped my daughter Captivated my son Demolished My home Raped My wife and Killed me. Then he yelled: ""Those whom I killed are intruders""  from the heaven, I peered to that hashtag  I thanked him for killing me  "
ID_BD042OE5,emotional_violence,Physical_violence,0.7271482,0.26156798,"I hope my future husband knows me well enough to NEVER propose to me in a public place,that way he won't have to be humiliated when I say no"
ID_PZWD73F0,emotional_violence,sexual_violence,0.7093503,0.2251765,"It’s such a temptation twice weekly after I’ve let the professor know about ways he’s insulted me and said I wouldn’t be interacting with him at all. But there he sits. In school for a woman-heavy public service profession. Dumb as rocks and convinced he’s right, bless his heart."
ID_18B41TIU,sexual_violence,Physical_violence,0.68151563,0.3184559,"Ima make it real simple. If my homie raped you, tell me so I can beat the fuck out of them. I won’t even say why. I’ll say he looked at me wrong. Won’t even blast you. But lmk. We don’t give it up like that."
ID_Z5ENFOBT,sexual_violence,Physical_violence,0.65358347,0.30154794,Ao i am forced to watch two drunk idiots have sex in front of me n im not allowed to leave my post they dont pay me enough for this shit
ID_ULYKT19V,sexual_violence,emotional_violence,0.649447,0.34260926,"This Zarya told my duo to kill himself, and then said he would raped me in front of him.  "
ID_5U5UEE90,sexual_violence,Physical_violence,0.6415314,0.35732368,I cannot handle crazy friends of my rapist thinking they have a connection to me.The only connection I have is to my rapist and wanting him to be criminally charged for what he did as stated in the penal code and tort law.I want compensation for the hell he put my parents through
ID_00X0905O,Physical_violence,economic_violence,0.6357307,0.36237213,"I was in England for a week, the longest I’ve ever been away. My husband said as soon as they picked me up from the airport his beats per minute were the lowest they had been since I left. 💕💕"
ID_IR24Y5WC,sexual_violence,emotional_violence,0.5861588,0.41335428,Can anyone tell me what Trump’s policies were and how they were gonna make us great again. I feel he had no agenda except to dismantle the great country I love through hate and division. I’m sitting here in this pandemic feeling we have been raped and humiliated.
ID_COFG3CAC,sexual_violence,emotional_violence,0.5679245,0.14020443,ORO SUNNUKUN:-I WAS RAPED IN FRONT OF MY HUSBAND AND HE WANTS TO DIVORCE ME BECAUSE I ENJOYED IT.  
ID_NZJFANVL,sexual_violence,Physical_violence,0.55112016,0.44806603,"I once saw my rapist at the zoo. He couldn't even look at me. I, on the other hand started him down with everything I could. I'm sorry you were raped. Take good care of yourself. ❤"
ID_9TJLIXSS,sexual_violence,Physical_violence,0.5505945,0.4475296,"One time when I was raped, by a well loved co worker, that had a girlfriend, my other co worker tried getting me out of the house, he quite literally tried to drag me out.  He failed, bc my rapist told him I wasn’t going anywhere.  I don’t blame that second coworker for my rape."
ID_LJLW970E,sexual_violence,Physical_violence,0.51677704,0.31780344,Although Laycon raped slow he killed it for me
ID_BMDQ3TC6,sexual_violence,Physical_violence,0.5067494,0.49258274,They'll be addressing real rape issues and some shediots will jump in with their stupid 'My boyfriend raped me bullcrap stories' . He raped you but you couldn't report .. You're mad
ID_5280USJ6,sexual_violence,Physical_violence,0.5045984,0.4953962,"5. My rapists are called James Hjellming and George Simon. A couple. Mr Simon works as a 2nd Grade Teacher at C.C. Ronnow Elementary School in Vegas. Mr Simon raped me. He is a dangerous man, not only a rapist, but his husband told me he was a pedophile...."
